{
  "model": "Alibaba-NLP/gte-Qwen2-7B-instruct",
  "task": "likert-wvs",
  "num_rows": 914.0,
  "num_questions": 149.0,
  "spearman": 0.5014657601905923,
  "main_score": 0.5014657601905923,
  "encode_time_s": 134.759,
  "eval_time_s": 0.354,
  "timestamp": "2026-03-05T15:12:22.900249"
}