{
  "model": "BAAI/bge-m3",
  "task": "likert-wvs",
  "num_rows": 914.0,
  "num_questions": 149.0,
  "spearman": 0.7935166623086085,
  "main_score": 0.7935166623086085,
  "encode_time_s": 0.0,
  "eval_time_s": 0.271,
  "timestamp": "2026-03-05T14:34:13.498532"
}