{
  "model": "BAAI/bge-base-en",
  "task": "likert-wvs",
  "num_rows": 914.0,
  "num_questions": 149.0,
  "spearman": 0.7627342456201516,
  "main_score": 0.7627342456201516,
  "encode_time_s": 0.0,
  "eval_time_s": 0.219,
  "timestamp": "2026-03-05T14:34:11.320600"
}