{
  "model": "bflhc/Octen-Embedding-8B",
  "task": "likert-wvs",
  "num_rows": 914.0,
  "num_questions": 149.0,
  "spearman": 0.8526075713995177,
  "main_score": 0.8526075713995177,
  "encode_time_s": 524.755,
  "eval_time_s": 0.364,
  "timestamp": "2026-03-05T15:21:48.154964"
}