{
  "model": "myrkur/sentence-transformer-parsbert-fa",
  "task": "likert-wvs",
  "num_rows": 914.0,
  "num_questions": 149.0,
  "spearman": 0.5032845230831807,
  "main_score": 0.5032845230831807,
  "encode_time_s": 0.0,
  "eval_time_s": 0.225,
  "timestamp": "2026-03-05T14:34:11.097680"
}