{
  "model": "nvidia/llama-embed-nemotron-8b",
  "task": "likert-wvs",
  "num_rows": 914.0,
  "num_questions": 149.0,
  "spearman": 0.6918402626456316,
  "main_score": 0.6918402626456316,
  "encode_time_s": 481.571,
  "eval_time_s": 0.405,
  "timestamp": "2026-03-05T15:42:15.155449"
}