{
  "model": "Qwen/Qwen3-Embedding-4B",
  "task": "likert-wvs",
  "num_rows": 914.0,
  "num_questions": 149.0,
  "spearman": 0.832829251285627,
  "main_score": 0.832829251285627,
  "encode_time_s": 253.579,
  "eval_time_s": 0.316,
  "timestamp": "2026-03-05T15:26:02.053278"
}