{
  "model": "sentence-transformers/allenai-specter",
  "task": "likert-wvs",
  "num_rows": 914.0,
  "num_questions": 149.0,
  "spearman": 0.5198916296231733,
  "main_score": 0.5198916296231733,
  "encode_time_s": 0.0,
  "eval_time_s": 0.217,
  "timestamp": "2026-03-05T14:34:12.391689"
}