{
  "model": "sentence-transformers/static-similarity-mrl-multilingual-v1",
  "task": "likert-wvs",
  "num_rows": 914.0,
  "num_questions": 149.0,
  "spearman": 0.5715462389959034,
  "main_score": 0.5715462389959034,
  "encode_time_s": 0.0,
  "eval_time_s": 0.235,
  "timestamp": "2026-03-05T14:34:11.945639"
}