{
  "model": "sentence-transformers/paraphrase-multilingual-mpnet-base-v2",
  "task": "likert-wvs",
  "num_rows": 914.0,
  "num_questions": 149.0,
  "spearman": 0.8305238385775298,
  "main_score": 0.8305238385775298,
  "encode_time_s": 0.0,
  "eval_time_s": 0.219,
  "timestamp": "2026-03-05T14:34:12.837414"
}