{
  "model": "sentence-transformers/multi-qa-MiniLM-L6-cos-v1",
  "task": "likert-wvs",
  "num_rows": 914.0,
  "num_questions": 149.0,
  "spearman": 0.5909831778959295,
  "main_score": 0.5909831778959295,
  "encode_time_s": 0.0,
  "eval_time_s": 1.311,
  "timestamp": "2026-03-05T14:34:10.867910"
}