{
  "model": "tencent/KaLM-Embedding-Gemma3-12B-2511",
  "task": "likert-wvs",
  "num_rows": 914.0,
  "num_questions": 149.0,
  "spearman": 0.8317237572271128,
  "main_score": 0.8317237572271128,
  "encode_time_s": 787.947,
  "eval_time_s": 0.41,
  "timestamp": "2026-03-05T15:55:23.517176"
}